{
    "startRoomId": 1,
    "rooms": [
        {
            "id": 1,
            "title": "Risveglio nella stanza vuota",
            "description": "Ti svegli in una stanza vuota, non ricordi come sei finito lì. Non c'è nulla intorno, ma vedi due porte davanti a te.",
            "enemy": null,
            "choices": [
                { 
					"id": 1, 
					"text": "Apri porta sinistra", 
					"targetRoomId": 2, 
					"condition": { "type": "always" }, 
					"effects": null 
				},
                { 
					"id": 2, 
					"text": "Apri porta destra", 
					"targetRoomId": 3, 
					"condition": { "type": "always" }, 
					"effects": null 
				}
            ]
        },
        {
            "id": 2,
            "title": "Corridoio oscuro",
            "description": "Ti trovi in un corridoio lugubre e buio. In lontananza senti uno strano rumore di passi che si avvicina.",
            "enemy": null,
            "choices": [
                { 
					"id": 3, 
					"text": "Avanza con cautela", 
					"targetRoomId": 4, 
					"condition": { "type": "always" }, 
					"effects": null 
				},
                { 
					"id": 4, 
					"text": "Torna indietro", 
					"targetRoomId": 1, 
					"condition": { "type": "always" }, 
					"effects": null 
				}
            ]
        },
        {
            "id": 3,
            "title": "Laboratorio abbandonato",
            "description": "Entri in un vasto laboratorio dismesso. Un computer su una scrivania sembra ancora funzionante.",
            "enemy": null,
            "choices": [
                { 
					"id": 5, 
					"text": "Usa computer", 
					"targetRoomId": 5, 
					"condition": { "type": "always" }, 
					"effects": null 
				},
                { 
					"id": 6, 
					"text": "Esplora il laboratorio", 
					"targetRoomId": 3, 
					"condition": { "type": "always" },
					"effects": [ 
						{
						    "type": "if_has_item",
						    "item": "arma",
						    "success": null,
						    "successMessage": "Hai già aggiunto l'arma all'inventario. Non c’è altro di utile.",
						    "fail": "add_item",
						    "failMessage": "Hai trovato un’arma e aggiunta all'inventario! Ti potrà servire per difenderti."
						}
					] 
				},
                { 
					"id": 7, 
					"text": "Continua a cercare l'uscita: fuori dal laboratorio c’è un corridoio e in fondo intravedi una porta chiusa. Decidi di attraversarlo per raggiungerla", 
					"targetRoomId": 6, 
					"condition": { "type": "always" }, 
					"effects": null 
				}
            ]
        },
        {
            "id": 4,
            "title": "Incontro con nemico (robot)",
            "description": "Un robot di sicurezza è rimasto attivo, con le luci lampeggianti, emerge dall'ombra e si avvicina rapidamente. Sembra controllare l'area.",
            "enemy": { 
				"name": "Robot di sicurezza",
				"strength": 1, 
				"requisiteItem": "arma" 
			},
            "choices": [
                { 
					"id": 8, 
					"text": "Nasconditi", 
					"targetRoomId": 11, 
					"condition": { "type": "always" }, 
					"effects": null 
				},
				{ 
				   	"id": 9,
				  	"text": "Affronta il robot",
				  	"targetRoomId": 4,
				  	"condition": { "type": "always" },
					"effects": [
						{ 
						    "type": "if_has_item",
						    "item": "arma",
						    "success": "goto_12",
						    "successMessage": "✅ Con l’arma sei riuscito a distruggere il robot!",
						    "fail": "lose_life",
						    "failMessage": "❌ Senza arma non puoi difenderti, sei stato ferito! Hai perso 1 vita."
						}
					]
				},
                { 
					"id": 10, 
					"text": "Fuggi indietro", 
					"targetRoomId": 2, 
					"condition": { "type": "always" }, 
					"effects": null 
				}
            ]
        },
        {
            "id": 5,
            "title": "Computer mostra mappa",
            "description": "Il computer visualizza un codice e una mappa schematica del laboratorio. Noti un'uscita secondaria marcata 'Nascosta'.",
            "enemy": null,
            "choices": [
                { 
					"id": 11, 
					"text": "Appunta il codice", 
					"targetRoomId": 5, 
					"condition": { "type": "always" },
					"effects": [
						{
						    "type": "if_has_item",
						    "item": "codice",
						    "success": null,
						    "successMessage": "Hai già aggiunto il codice all'inventario.",
						    "fail": "add_item",
						    "failMessage": "Hai trovato un codice e aggiunto all'inventario! Ti potrà servire."
						}
					] 
				},
                { 
					"id": 12, 
					"text": "Segui mappa con uscita nascosta", 
					"targetRoomId": 7, 
					"condition": { "type": "always" }, 
					"effects": null 
				},
                { 
					"id": 13, 
					"text": "Torna al laboratorio e cerca altro", 
					"targetRoomId": 3, 
					"condition": { "type": "always" }, 
					"effects": null 
				}
            ]
        },
        {
            "id": 6,
            "title": "Infezione e porta chiusa con codice",
            "description": "ATTENZIONE! Hai attraversato il corridoio e sei giunto davanti alla porta, credendo di essere al sicuro... ma ti sbagliavi. L’aria nel corridoio era contaminata: il sistema di ventilazione diffondeva un gas tossico. Ora sei infetto. Da questo momento, il tuo corpo inizierà a cedere lentamente: OGNI 3 MINUTI PERDERAI UNA VITA!. L’unico modo per sopravvivere è trovare una via di fuga prima che sia troppo tardi: solo fuori potrai farti curare con un antidoto. Ti trovi ora davanti a una grande porta metallica, bloccata da una tastiera numerica: TI SERVIRÀ UN CODICE PER APRIRLA!",
            "enemy": null,
			"infection": true,
			"roomMessage": "ATTENZIONE: ARIA INFETTA! L’aria nel corridoio era contaminata, ora sei INFETTO: ogni 3 minuti perderai una vita.",
            "choices": [
                { 
					"id": 14, 
					"text": "Inserisci codice", 
					"targetRoomId": 8, 
					"condition": { 
						"type": "has_item", 
						"item": "codice" 
					}, 
					"effects": [
						{ 
							"type": "if_has_item", 
							"item": "codice", 
							"successMessage": "Hai inserito il codice corretto: La porta si apre...",						
							"success": "goto_8"
						}
					]
				},
                { 
					"id": 15, 
					"text": "Torna al laboratorio e cerca altro", 
					"targetRoomId": 3, 
					"condition": { "type": "always" }, 
					"effects": null
				}
            ]
        },
        {
            "id": 7,
            "title": "Cortile esterno",
            "description": "Hai trovato un’uscita ed ora ti ritrovi in un cortile esterno: l'aria aperta è un sollievo. Vedi un grande cancello e un tunnel segreto.",
            "enemy": null,
            "choices": [
                { 
					"id": 16, 
					"text": "Corri verso il cancello", 
					"targetRoomId": 9, 
					"condition": { "type": "always" }, 
					"effects": null 
				},
                { 
					"id": 17, 
					"text": "Vai verso il tunnel", 
					"targetRoomId": 10, 
					"condition": { "type": "always" }, 
					"effects": null 
				},
				{ 
					"id": 18, 
					"text": "Torna dentro e cerca altro", 
					"targetRoomId": 12, 
					"condition": { "type": "always" }, 
					"effects": null 
				},
				{ 
					"id": 19, 
					"text": "Torna alla stanza iniziale", 
					"targetRoomId": 1, 
					"condition": { "type": "always" }, 
					"effects": null
				}									
            ]
        },
		{
		    "id": 8,
		    "title": "Uscita trovata ma allarme attivato nello stabilimento",
		    "description": "Hai trovato l’uscita ma si è attivato un allarme: tre robot di sicurezza in arrivo!",
		    "enemy": { 
		        "name": "Robot di sicurezza", 
		        "strength": 3, 
		        "requisiteItem": "arma" 
		    },
		    "choices": [
		        { 
		            "id": 20, 
		            "text": "Nasconditi", 
		            "targetRoomId": 11, 
		            "condition": { "type": "always" }, 
		            "effects": null 
		        },
		        { 
		            "id": 21, 
		            "text": "Affronta i tre robot e corri fuori", 
		            "targetRoomId": 12, 
		            "condition": { "type": "always" }, 
		            "effects": [
		                { 
							"type": "attack_enemy",
		                    "successMessage": "⚔️ Con la tua arma sei riuscito a liberarti dei tre robot, ma contro tre nemici sei rimasto comunque ferito: perdi 1 vita.",
		                    "failMessage": "❌ Senza arma non puoi affrontare i tre robot: sei sopraffatto e SCONFITTO..."
		                }
		            ] 
		        }
		    ]
		},
        {
            "id": 9,
            "title": "Cancello con tastiera",
            "description": "Il cancello è chiuso. L’apertura non è manuale, ma di fianco vedi una tastiera numerica.",
            "enemy": null,
            "choices": [
                { 
					"id": 22, 
					"text": "Inserisci codice", 
					"targetRoomId": -1, 
					"condition": { "type": "always" }, 
					"effects": [ 
						{ 
							"type": "if_has_item", 
							"item": "codice", 
							"success": "victory", 
							"successMessage": "Hai inserito il codice corretto: SEI LIBERO!",
							"fail": "game_over",
							"failMessage": "Senza il codice corretto non hai aperto il cancello e hai attivato l'allarme: troppi nemici ti hanno scoperto e non sei più in grado di difenderti..."
						}
					] 
				},
                { 
					"id": 23, 
					"text": "Torna al cortile", 
					"targetRoomId": 7, 
					"condition": { "type": "always" }, 
					"effects": null 
				}
            ]
        },
        {
            "id": 10,
            "title": "Tunnel segreto",
            "description": "Sei all’ingresso del tunnel, pensi possa condurti verso la libertà...",
            "enemy": null,
            "choices": [
                { 
					"id": 24, 
					"text": "Entra nel tunnel", 
					"targetRoomId": 13, 
					"condition": { "type": "always" }, 
					"effects": null 
				},
                { 
					"id": 25, 
					"text": "Torna al cortile", 
					"targetRoomId": 7, 
					"condition": { "type": "always" }, 
					"effects": null 
				}
            ]
        },
        {
            "id": 11,
            "title": "Nascondersi dal nemico",
            "description": "Ora che ti sei nascosto sei al sicuro, per il momento...",
            "enemy": { 
				"name": "Robot di sicurezza", 
				"strength": 1, 
				"requisiteItem": "arma" 
			},
            "choices": [
                { 
					"id": 26, 
					"text": "Scappa ora", 
					"targetRoomId": 7, 
					"condition": { "type": "always" }, 
					"effects": null 
				},
                { 
					"id": 27, 
					"text": "Resta nascosto, rischiando di essere trovato se rimani lì troppo a lungo", 
					"targetRoomId": 11, 
					"condition": { "type": "always" }, 
					"effects": [
					    { 
					        "type": "lose_life_random",
					        "successMessage": "✅ Sei rimasto nascosto e fortunatamente il robot non ti ha visto.",
					        "failMessage": "⚠️ Sei rimasto nascosto troppo a lungo! Il robot nemico ti ha trovato e hai perso 1 vita."
					    }
					]
				}
            ]
        },
        {
            "id": 12,
            "title": "Uscita",
            "description": "Per ora hai avuto successo contro i nemici. Ora hai la possibilità di uscire senza ostacoli verso il cortile.",
            "enemy": null,
            "choices": [
                { 
					"id": 28, 
					"text": "Vai verso il cortile", 
					"targetRoomId": 7, 
					"condition": { "type": "always" }, 
					"effects": null 
				},
                { 
					"id": 29, 
					"text": "Esplora la zona intorno a te",
					"targetRoomId": 12, 
					"condition": { "type": "always" }, 
					"effects": [
						{
						    "type": "if_has_item",
						    "item": "medkit",
						    "success": null,
						    "successMessage": "Hai già trovato un kit medico qui. Non c'è altro di utile che ti può servire.",
						    "fail": "add_item",
						    "failMessage": "Hai trovato un kit medico: guadagni 1 vita!"
						}
					] 
				}
            ]
        },
        {
            "id": 13,
            "title": "Dentro il tunnel segreto",
            "description": "Dentro il tunnel incontri di nuovo un robot.",
            "enemy": { 
				"name": "Robot di sicurezza", 
				"strength": 1, 
				"requisiteItem": "arma" 
			},
            "choices": [
                { 
					"id": 30, 
					"text": "Scappa indietro e torna al cortile", 
					"targetRoomId": 7, 
					"condition": { "type": "always" }, 
					"effects": null 
				},
                { 
					"id": 31, 
					"text": "Affronta il robot", 
					"targetRoomId": 13, 
					"condition": { "type": "always" }, 
					"effects": [ 
						{ 
							"type": "if_has_item", 
							"item": "arma",
							"successMessage": "Hai sconfitto il robot: SEI LIBERO! ",
							"failMessage": "❌ Senza arma non puoi difenderti, sei stato ferito! Hai perso 1 vita.",									
							"success": "victory", 
							"fail": "lose_life" 
						} 
					] 
				}
            ]
        }
    ]
}